<?xml version="1.0" encoding="UTF-8"?>
<project-private xmlns="http://www.netbeans.org/ns/project-private/1">
    <editor-bookmarks xmlns="http://www.netbeans.org/ns/editor-bookmarks/2" lastBookmarkId="0"/>
    <open-files xmlns="http://www.netbeans.org/ns/projectui-open-files/2">
        <group>
            <file>file:/C:/Users/Nicolas%20Lazarte/OneDrive%20-%20Collège%20de%20Rosemont/Documents/TP1_NicolasLazarte_JordanLee/Client_Java/ClientProduitServiceWCF/xml-resources/web-service-references/Service1/wsdl/localhost_64547/Service1.svc.wsdl</file>
            <file>file:/C:/Users/Nicolas%20Lazarte/OneDrive%20-%20Collège%20de%20Rosemont/Documents/TP1_NicolasLazarte_JordanLee/Client_Java/ClientProduitServiceWCF/src/clientproduitservicewcf/ClientProduitServiceWCF.java</file>
        </group>
    </open-files>
</project-private>
